Id,Name,Lastname,Email,Gender,FavColor
1,Anatol,MacGillavery,amacgillavery0@zimbio.com,Male,Yellow
2,Fredi,Seamer,fseamer1@dropbox.com,Female,Aquamarine
3,Janey,Espadero,jespadero2@example.com,Female,Purple
4,Cleveland,Jansson,cjansson3@unblog.fr,Bigender,Puce
5,Hayden,Delaney,hdelaney4@answers.com,Male,Yellow
6,Yovonnda,Stevens,ystevens5@chicagotribune.com,Female,Puce
7,Pyotr,Meikle,pmeikle6@cbslocal.com,Male,Teal
8,Edin,Hasell,ehasell7@tripod.com,Female,Yellow
9,Dalia,MacLure,dmaclure8@discovery.com,Female,Purple
10,Dion,Secretan,dsecretan9@miitbeian.gov.cn,Male,Turquoise
11,Myrilla,Mesias,mmesiasa@w3.org,Female,Orange
12,Corrina,Spadaro,cspadarob@umn.edu,Female,Indigo
13,Thain,Frisby,tfrisbyc@arstechnica.com,Polygender,Red
14,Skylar,MacCarroll,smaccarrolld@jimdo.com,Male,Yellow
15,Sherwynd,Tarbett,starbette@cdc.gov,Male,Goldenrod
16,Jeanne,Poyser,jpoyserf@networksolutions.com,Female,Fuscia
17,Katuscha,Martyns,kmartynsg@shareasale.com,Genderqueer,Green
18,Rodi,Duffie,rduffieh@mapquest.com,Female,Maroon
19,Deane,Waldron,dwaldroni@vinaora.com,Female,Purple
20,Cordell,Orrell,correllj@theglobeandmail.com,Male,Pink
21,Aldis,Jacquemet,ajacquemetk@house.gov,Male,Red
22,Arnoldo,Felix,afelixl@wix.com,Male,Teal
23,Barnabe,Vernazza,bvernazzam@dailymotion.com,Male,Purple
24,Perceval,Jenkinson,pjenkinsonn@bluehost.com,Male,Mauv
25,Hurleigh,Chapleo,hchapleoo@slideshare.net,Male,Fuscia
26,Marsh,Grass,mgrassp@naver.com,Male,Khaki
27,Shoshanna,Wimsett,swimsettq@blogger.com,Polygender,Fuscia
28,Waiter,Fosdick,wfosdickr@networkadvertising.org,Male,Mauv
29,Candy,Vane,cvanes@topsy.com,Female,Green
30,Gib,Miskelly,gmiskellyt@cpanel.net,Male,Red
31,Bearnard,Haggath,bhaggathu@youtube.com,Male,Teal
32,Oran,Howell,ohowellv@nifty.com,Male,Green
33,Toddy,Brixey,tbrixeyw@nature.com,Male,Crimson
34,Melisande,Mancer,mmancerx@ezinearticles.com,Female,Fuscia
35,Haskell,Frean,hfreany@google.ca,Male,Fuscia
36,Quint,Cubbon,qcubbonz@google.com.au,Male,Blue
37,Burgess,Samter,bsamter10@instagram.com,Male,Yellow
38,Faber,Punch,fpunch11@newsvine.com,Male,Maroon
39,Savina,Nutley,snutley12@census.gov,Female,Purple
40,Teena,Trippitt,ttrippitt13@pbs.org,Female,Purple
41,Corri,Dampney,cdampney14@goo.ne.jp,Female,Blue
42,Townsend,Momford,tmomford15@hud.gov,Male,Puce
43,Kane,Larrad,klarrad16@oaic.gov.au,Male,Turquoise
44,Minne,Bigby,mbigby17@simplemachines.org,Female,Goldenrod
45,Zaneta,Sapson,zsapson18@mashable.com,Female,Violet
46,Christos,Tapscott,ctapscott19@1688.com,Non-binary,Goldenrod
47,Marna,Erskine Sandys,merskinesandys1a@sfgate.com,Female,Yellow
48,Robert,Maplestone,rmaplestone1b@auda.org.au,Male,Puce
49,Daryle,Tallowin,dtallowin1c@hexun.com,Male,Orange
50,Nesta,Cuzen,ncuzen1d@usatoday.com,Female,Violet
51,Sarge,Vosper,svosper1e@yale.edu,Male,Turquoise
52,Wilhelmina,Blaszczyk,wblaszczyk1f@bizjournals.com,Female,Orange
53,Betsey,Caskie,bcaskie1g@cbslocal.com,Female,Yellow
54,Franklin,Goudman,fgoudman1h@fotki.com,Genderqueer,Teal
55,Truda,Daglish,tdaglish1i@meetup.com,Female,Yellow
56,Cindy,De Ferraris,cdeferraris1j@scribd.com,Female,Fuscia
57,Tammy,Chamley,tchamley1k@whitehouse.gov,Male,Blue
58,Emile,Devonport,edevonport1l@xrea.com,Male,Mauv
59,Rourke,Powelee,rpowelee1m@sitemeter.com,Male,Violet
60,Orion,Vooght,ovooght1n@amazon.de,Male,Khaki
61,Charmain,Batecok,cbatecok1o@go.com,Polygender,Fuscia
62,Elbert,MacFadin,emacfadin1p@hostgator.com,Male,Goldenrod
63,Lamar,Grieveson,lgrieveson1q@tamu.edu,Male,Pink
64,Christopher,Mccaull,cmccaull1r@si.edu,Male,Orange
65,Dniren,Gavan,dgavan1s@apple.com,Female,Purple
66,Saree,Sabatini,ssabatini1t@spotify.com,Genderqueer,Pink
67,Issy,Dannell,idannell1u@army.mil,Female,Fuscia
68,Nerte,Auton,nauton1v@yellowbook.com,Female,Yellow
69,Gallagher,Orneblow,gorneblow1w@diigo.com,Male,Aquamarine
70,Marylin,Fooks,mfooks1x@de.vu,Female,Khaki
71,Maryrose,Garrelts,mgarrelts1y@sciencedaily.com,Female,Turquoise
72,Piotr,Gynni,pgynni1z@cnbc.com,Male,Puce
73,Marietta,Briskey,mbriskey20@diigo.com,Male,Yellow
74,Davy,Duny,dduny21@nature.com,Male,Green
75,Mel,Litchfield,mlitchfield22@dropbox.com,Female,Yellow
76,Malina,Longhurst,mlonghurst23@sourceforge.net,Female,Fuscia
77,Suki,Tyzack,styzack24@devhub.com,Female,Purple
78,Duky,Cusworth,dcusworth25@amazon.co.jp,Male,Blue
79,Henryetta,Wenderott,hwenderott26@pen.io,Female,Fuscia
80,Maurie,Leadbetter,mleadbetter27@cdbaby.com,Male,Violet
81,Angeline,De'Vere - Hunt,adeverehunt28@cornell.edu,Female,Green
82,Belicia,Smee,bsmee29@1688.com,Female,Blue
83,Jodee,Catterall,jcatterall2a@irs.gov,Female,Goldenrod
84,Seward,Jacks,sjacks2b@illinois.edu,Male,Goldenrod
85,Dorelle,Alessandretti,dalessandretti2c@latimes.com,Female,Khaki
86,Denny,Blythe,dblythe2d@sohu.com,Female,Green
87,Trevor,Hughf,thughf2e@intel.com,Male,Orange
88,Elliott,Haly,ehaly2f@ibm.com,Male,Violet
89,Scott,Younghusband,syounghusband2g@alexa.com,Male,Goldenrod
90,Woodman,Joselovitch,wjoselovitch2h@ft.com,Male,Violet
91,Vasilis,Shurlock,vshurlock2i@dailymail.co.uk,Male,Purple
92,Kayle,Betancourt,kbetancourt2j@abc.net.au,Female,Aquamarine
93,Liam,Salery,lsalery2k@ning.com,Male,Mauv
94,Shepherd,Mertin,smertin2l@photobucket.com,Male,Pink
95,Trudy,Tollady,ttollady2m@theguardian.com,Female,Purple
96,Damian,Gregol,dgregol2n@weebly.com,Male,Turquoise
97,Elnora,Lyttle,elyttle2o@twitter.com,Female,Purple
98,Noella,Stinson,nstinson2p@geocities.com,Polygender,Pink
99,Cash,Major,cmajor2q@oakley.com,Male,Red
100,Nikolaus,Finnick,nfinnick2r@accuweather.com,Male,Blue
101,Dannie,Feirn,dfeirn2s@about.me,Female,Yellow
102,Shayne,Dobrowlski,sdobrowlski2t@mediafire.com,Male,Blue
103,Charmian,Ebbutt,cebbutt2u@netlog.com,Female,Aquamarine
104,Yetty,Goggen,ygoggen2v@chronoengine.com,Female,Teal
105,Miller,Ravenscraft,mravenscraft2w@cdbaby.com,Male,Pink
106,Nealy,Gerran,ngerran2x@kickstarter.com,Male,Yellow
107,Edwin,Kose,ekose2y@seesaa.net,Bigender,Goldenrod
108,Cyrillus,Golagley,cgolagley2z@yahoo.com,Male,Goldenrod
109,Ottilie,Khosa,okhosa30@bloglovin.com,Female,Yellow
110,Crysta,Kline,ckline31@a8.net,Female,Violet
111,Tybie,Boykett,tboykett32@homestead.com,Female,Turquoise
112,Julianna,Buche,jbuche33@yolasite.com,Female,Goldenrod
113,Sutton,Teasdale,steasdale34@so-net.ne.jp,Male,Puce
114,Scotty,Adan,sadan35@jimdo.com,Male,Khaki
115,Langston,Elsy,lelsy36@sogou.com,Male,Yellow
116,Cassandry,Bengefield,cbengefield37@php.net,Female,Fuscia
117,Roman,Vasovic,rvasovic38@taobao.com,Male,Blue
118,Jonah,Truswell,jtruswell39@bigcartel.com,Male,Red
119,Shem,Sangra,ssangra3a@businesswire.com,Male,Maroon
120,Carlie,Poker,cpoker3b@house.gov,Male,Turquoise
121,Silas,McKea,smckea3c@edublogs.org,Male,Maroon
122,Gawain,Guilayn,gguilayn3d@dyndns.org,Male,Goldenrod
123,Kearney,Mauvin,kmauvin3e@pen.io,Male,Orange
124,Rickert,Ablitt,rablitt3f@drupal.org,Male,Mauv
125,Dixie,Collop,dcollop3g@dagondesign.com,Female,Maroon
126,Cherey,Kloss,ckloss3h@networksolutions.com,Female,Turquoise
127,Lauren,Hare,lhare3i@nature.com,Male,Indigo
128,Tuckie,Frankum,tfrankum3j@vistaprint.com,Male,Goldenrod
129,Wilona,Lucks,wlucks3k@wisc.edu,Female,Goldenrod
130,Nancie,Banbrook,nbanbrook3l@drupal.org,Female,Maroon
131,Corrine,Horrigan,chorrigan3m@smugmug.com,Female,Khaki
132,Betteann,Seville,bseville3n@mapy.cz,Agender,Mauv
133,Banky,Tennison,btennison3o@vk.com,Male,Mauv
134,Vaughan,Hounson,vhounson3p@auda.org.au,Male,Violet
135,Daisie,Fonquernie,dfonquernie3q@who.int,Female,Teal
136,Salem,Panther,spanther3r@histats.com,Male,Khaki
137,Ashbey,Gentiry,agentiry3s@comcast.net,Male,Pink
138,Osmund,McQuin,omcquin3t@dedecms.com,Male,Khaki
139,Kyrstin,Salerg,ksalerg3u@uiuc.edu,Female,Goldenrod
140,Mata,Shopcott,mshopcott3v@free.fr,Male,Khaki
141,Clevie,Beddis,cbeddis3w@tripod.com,Genderfluid,Aquamarine
142,Zebadiah,Loveless,zloveless3x@g.co,Male,Goldenrod
143,Robinett,Simonard,rsimonard3y@uiuc.edu,Female,Maroon
144,Darlleen,Kiely,dkiely3z@nasa.gov,Female,Puce
145,Gabriel,Cowdery,gcowdery40@hibu.com,Female,Goldenrod
146,Kesley,Lovart,klovart41@nationalgeographic.com,Female,Pink
147,Cati,Bigby,cbigby42@simplemachines.org,Female,Puce
148,Ignazio,Gley,igley43@google.com.au,Male,Maroon
149,Read,Sisey,rsisey44@cdbaby.com,Male,Maroon
150,Christoph,Chong,cchong45@craigslist.org,Male,Turquoise
151,Meridith,Crossgrove,mcrossgrove46@google.nl,Agender,Fuscia
152,Chryste,Stoppard,cstoppard47@tripadvisor.com,Female,Teal
153,Rhys,Downing,rdowning48@wikipedia.org,Male,Yellow
154,Kerstin,Showers,kshowers49@nifty.com,Female,Puce
155,Forrester,Rainbow,frainbow4a@jigsy.com,Male,Yellow
156,Katina,Tabourel,ktabourel4b@hubpages.com,Female,Green
157,Husein,Eyers,heyers4c@ucoz.com,Male,Crimson
158,Jeannine,Saywood,jsaywood4d@free.fr,Female,Puce
159,Emmalyn,Pyrke,epyrke4e@1und1.de,Agender,Yellow
160,Karilynn,Walak,kwalak4f@blogspot.com,Female,Aquamarine
161,Gwenni,Kiely,gkiely4g@psu.edu,Female,Goldenrod
162,Cornela,Coursor,ccoursor4h@unc.edu,Female,Fuscia
163,Sherlock,Gudde,sgudde4i@quantcast.com,Male,Turquoise
164,Yetta,Betteridge,ybetteridge4j@spiegel.de,Female,Crimson
165,Candide,Worms,cworms4k@discovery.com,Female,Goldenrod
166,Nariko,Tweedy,ntweedy4l@sbwire.com,Non-binary,Maroon
167,Jacobo,Roderick,jroderick4m@newsvine.com,Male,Turquoise
168,Giorgio,Jenkerson,gjenkerson4n@nature.com,Male,Orange
169,Abbot,Lorincz,alorincz4o@epa.gov,Male,Violet
170,Elwin,Scoone,escoone4p@pagesperso-orange.fr,Male,Khaki
171,Timmy,Tanton,ttanton4q@cdbaby.com,Genderqueer,Maroon
172,Lucia,Flood,lflood4r@accuweather.com,Female,Khaki
173,Keri,Ciciura,kciciura4s@oakley.com,Female,Turquoise
174,Marysa,Rolston,mrolston4t@flickr.com,Female,Yellow
175,Obadias,Nowick,onowick4u@msu.edu,Male,Yellow
176,Herculie,Cattanach,hcattanach4v@craigslist.org,Male,Khaki
177,Reynard,Waskett,rwaskett4w@skype.com,Male,Pink
178,Dion,Thorrington,dthorrington4x@noaa.gov,Male,Yellow
179,Theobald,Wenban,twenban4y@phoca.cz,Male,Red
180,Chester,Schubert,cschubert4z@wisc.edu,Male,Green
181,Geri,Lavrick,glavrick50@tripadvisor.com,Male,Fuscia
182,Sadella,Burton,sburton51@apache.org,Female,Khaki
183,Karoly,Putman,kputman52@usgs.gov,Female,Yellow
184,Rodger,Livings,rlivings53@comcast.net,Male,Violet
185,Jennee,Reckless,jreckless54@goo.ne.jp,Female,Blue
186,Daria,MacNeill,dmacneill55@seattletimes.com,Female,Yellow
187,Friederike,Gloster,fgloster56@examiner.com,Female,Purple
188,Sunshine,Donalson,sdonalson57@1und1.de,Female,Blue
189,Ginnie,Heggadon,gheggadon58@bbb.org,Female,Violet
190,Seth,Satcher,ssatcher59@abc.net.au,Male,Fuscia
191,Ira,Pree,ipree5a@com.com,Polygender,Goldenrod
192,Josepha,Tomankowski,jtomankowski5b@sogou.com,Female,Orange
193,Dar,Shorthouse,dshorthouse5c@aboutads.info,Male,Turquoise
194,Staford,Garretts,sgarretts5d@odnoklassniki.ru,Male,Fuscia
195,Vivyanne,Rodgerson,vrodgerson5e@deviantart.com,Female,Teal
196,Horst,Shottin,hshottin5f@github.io,Male,Crimson
197,Cody,O'Scollee,coscollee5g@github.io,Male,Green
198,Marcelo,Soper,msoper5h@hubpages.com,Male,Turquoise
199,Gilbertina,Bellwood,gbellwood5i@tripadvisor.com,Female,Maroon
200,Franky,Manners,fmanners5j@soup.io,Female,Purple
201,Henrieta,Stuchbury,hstuchbury5k@free.fr,Female,Aquamarine
202,Olva,Missington,omissington5l@weibo.com,Female,Blue
203,Keenan,Ashenhurst,kashenhurst5m@people.com.cn,Male,Purple
204,Virgilio,McOwan,vmcowan5n@hud.gov,Male,Red
205,Priscilla,Evill,pevill5o@opera.com,Female,Indigo
206,Lorens,Nuemann,lnuemann5p@toplist.cz,Male,Teal
207,Claresta,O'Dowd,codowd5q@bloglovin.com,Bigender,Aquamarine
208,Georgie,Bidgod,gbidgod5r@imageshack.us,Female,Crimson
209,Sarah,Coudray,scoudray5s@google.com.br,Female,Blue
210,Iris,Di Roberto,idiroberto5t@jigsy.com,Female,Green
211,Debera,Gledstane,dgledstane5u@pen.io,Bigender,Orange
212,Janela,Burrus,jburrus5v@edublogs.org,Genderfluid,Turquoise
213,Mareah,Melbourne,mmelbourne5w@usatoday.com,Agender,Mauv
214,Magdaia,Overal,moveral5x@seesaa.net,Female,Pink
215,Sergei,Blumson,sblumson5y@is.gd,Male,Yellow
216,Austine,Chiechio,achiechio5z@google.com.br,Female,Orange
217,Walsh,Baselli,wbaselli60@posterous.com,Male,Fuscia
218,Phelia,Habbijam,phabbijam61@cmu.edu,Female,Khaki
219,Shantee,Leuchars,sleuchars62@ibm.com,Female,Pink
220,Carri,Aseef,caseef63@tiny.cc,Genderqueer,Blue
221,Carmine,Dudenie,cdudenie64@alibaba.com,Male,Pink
222,Orren,Gisby,ogisby65@artisteer.com,Male,Maroon
223,Emery,Doding,edoding66@nps.gov,Male,Indigo
224,Gerry,Georgeon,ggeorgeon67@prlog.org,Male,Mauv
225,Norman,Schroeder,nschroeder68@csmonitor.com,Bigender,Maroon
226,Baryram,Burniston,bburniston69@xrea.com,Male,Teal
227,Gunter,Simunek,gsimunek6a@berkeley.edu,Male,Yellow
228,Zelda,Edgehill,zedgehill6b@eventbrite.com,Female,Violet
229,Anatole,Hindrick,ahindrick6c@hud.gov,Polygender,Teal
230,Marrissa,Grinyer,mgrinyer6d@virginia.edu,Female,Crimson
231,Valene,Monckman,vmonckman6e@last.fm,Female,Turquoise
232,Belle,Osburn,bosburn6f@tamu.edu,Genderqueer,Goldenrod
233,Vittorio,Bliben,vbliben6g@guardian.co.uk,Male,Teal
234,Katrina,Batters,kbatters6h@51.la,Female,Aquamarine
235,Sammy,Shortt,sshortt6i@prlog.org,Female,Crimson
236,Oona,Arbon,oarbon6j@twitpic.com,Female,Purple
237,Ellis,Micco,emicco6k@arizona.edu,Male,Mauv
238,Oneida,Bausmann,obausmann6l@yandex.ru,Female,Turquoise
239,Lydie,De Bruyne,ldebruyne6m@archive.org,Non-binary,Mauv
240,Trefor,Johananov,tjohananov6n@vkontakte.ru,Male,Green
241,Addison,Savary,asavary6o@skype.com,Male,Violet
242,Zelig,Simmens,zsimmens6p@amazon.co.uk,Male,Red
243,Westley,Gland,wgland6q@thetimes.co.uk,Male,Yellow
244,Brodie,Gilham,bgilham6r@dot.gov,Genderqueer,Maroon
245,Edi,Beecheno,ebeecheno6s@pinterest.com,Female,Crimson
246,Frederica,Brecknell,fbrecknell6t@lulu.com,Female,Indigo
247,Lemmy,Wyeth,lwyeth6u@spotify.com,Male,Mauv
248,Tim,But,tbut6v@discovery.com,Male,Purple
249,Kane,Davenall,kdavenall6w@nyu.edu,Male,Turquoise
250,Davis,Killock,dkillock6x@opensource.org,Male,Violet
251,Therine,Pennigar,tpennigar6y@amazonaws.com,Female,Turquoise
252,Marylinda,Gooding,mgooding6z@bloglovin.com,Female,Orange
253,Athene,Paridge,aparidge70@reuters.com,Female,Turquoise
254,Ignaz,Village,ivillage71@jalbum.net,Male,Teal
255,Hillyer,Kitlee,hkitlee72@walmart.com,Male,Khaki
256,Dorene,Kinneir,dkinneir73@washington.edu,Female,Green
257,Willyt,McQuirter,wmcquirter74@opera.com,Female,Pink
258,Loutitia,Ralphs,lralphs75@weebly.com,Female,Goldenrod
259,Patrice,Preshous,ppreshous76@aol.com,Female,Purple
260,Brandie,Longson,blongson77@hp.com,Female,Yellow
261,Alyssa,Mityashin,amityashin78@surveymonkey.com,Female,Violet
262,Noll,Fincken,nfincken79@sphinn.com,Male,Mauv
263,Stacy,Butfield,sbutfield7a@clickbank.net,Male,Goldenrod
264,Leighton,Schaffler,lschaffler7b@dedecms.com,Male,Fuscia
265,Artemis,MacGibbon,amacgibbon7c@scribd.com,Male,Red
266,Duncan,Pullen,dpullen7d@quantcast.com,Genderfluid,Goldenrod
267,Teodoro,Gullane,tgullane7e@t-online.de,Male,Turquoise
268,Maribel,Leschelle,mleschelle7f@angelfire.com,Female,Mauv
269,Ernaline,O'Rudden,eorudden7g@sciencedaily.com,Female,Green
270,Roy,Berfoot,rberfoot7h@privacy.gov.au,Non-binary,Teal
271,Geraldine,Brinicombe,gbrinicombe7i@flavors.me,Female,Maroon
272,Carmencita,Dinkin,cdinkin7j@yellowpages.com,Female,Purple
273,Beniamino,Scrauniage,bscrauniage7k@yandex.ru,Male,Purple
274,Levey,Docwra,ldocwra7l@fema.gov,Male,Blue
275,Evangeline,Eastwood,eeastwood7m@netscape.com,Genderqueer,Indigo
276,Weider,Easeman,weaseman7n@angelfire.com,Male,Green
277,Matthaeus,Cirlos,mcirlos7o@epa.gov,Non-binary,Green
278,Fransisco,Nassie,fnassie7p@e-recht24.de,Genderqueer,Violet
279,Muhammad,Matlock,mmatlock7q@indiatimes.com,Male,Indigo
280,Carlita,Comben,ccomben7r@yellowbook.com,Genderqueer,Maroon
281,Lucia,Crilley,lcrilley7s@nymag.com,Female,Aquamarine
282,Tomkin,Mann,tmann7t@cdc.gov,Male,Aquamarine
283,Shamus,Dyet,sdyet7u@mit.edu,Male,Aquamarine
284,Brigit,Knox,bknox7v@wired.com,Agender,Puce
285,Zechariah,Dowbakin,zdowbakin7w@yolasite.com,Non-binary,Crimson
286,Elinor,Sherrott,esherrott7x@bloglines.com,Female,Purple
287,Dolorita,Biner,dbiner7y@slashdot.org,Female,Red
288,Alistair,Leftly,aleftly7z@china.com.cn,Male,Orange
289,Brockie,Afonso,bafonso80@ucoz.ru,Male,Green
290,Ewen,Everitt,eeveritt81@ycombinator.com,Male,Maroon
291,Patten,Frichley,pfrichley82@wufoo.com,Male,Violet
292,Roderigo,Crickett,rcrickett83@ebay.co.uk,Male,Crimson
293,Hermie,Kaming,hkaming84@imgur.com,Bigender,Khaki
294,Anastasie,Duffield,aduffield85@engadget.com,Female,Violet
295,Kai,Guiet,kguiet86@rambler.ru,Female,Fuscia
296,Davin,Yancey,dyancey87@ed.gov,Male,Mauv
297,Jonathan,Carlisi,jcarlisi88@flavors.me,Male,Khaki
298,Roddy,Prazor,rprazor89@marketwatch.com,Male,Puce
299,Kath,Busk,kbusk8a@huffingtonpost.com,Female,Indigo
300,Rodolphe,Jowett,rjowett8b@over-blog.com,Male,Aquamarine
301,Meghann,McIlwraith,mmcilwraith8c@shop-pro.jp,Female,Yellow
302,Filia,Gallaway,fgallaway8d@g.co,Female,Crimson
303,Mil,Pauluzzi,mpauluzzi8e@guardian.co.uk,Female,Goldenrod
304,Claybourne,Longstreet,clongstreet8f@apache.org,Male,Puce
305,Gwyn,Maple,gmaple8g@exblog.jp,Female,Yellow
306,Teresa,Farnish,tfarnish8h@wikipedia.org,Female,Violet
307,Wrennie,Houseman,whouseman8i@netlog.com,Female,Yellow
308,Ringo,Nickless,rnickless8j@tripadvisor.com,Male,Violet
309,Rey,Gatcliff,rgatcliff8k@imageshack.us,Male,Yellow
310,Newton,Guyan,nguyan8l@taobao.com,Male,Purple
311,Lemuel,Pamment,lpamment8m@reuters.com,Male,Yellow
312,Babs,Hoggan,bhoggan8n@php.net,Non-binary,Green
313,Darda,Wybron,dwybron8o@china.com.cn,Female,Purple
314,Dani,Vanyarkin,dvanyarkin8p@google.cn,Male,Turquoise
315,Kellen,Day,kday8q@mlb.com,Male,Puce
316,Gale,Blundan,gblundan8r@discuz.net,Male,Blue
317,Tracee,Camacke,tcamacke8s@washingtonpost.com,Female,Khaki
318,Domenic,Yeaman,dyeaman8t@canalblog.com,Male,Red
319,Marvin,Giacopazzi,mgiacopazzi8u@zdnet.com,Male,Puce
320,Clare,Crutcher,ccrutcher8v@google.es,Male,Violet
321,Fidel,McIlhatton,fmcilhatton8w@furl.net,Male,Orange
322,Rice,Rawling,rrawling8x@ehow.com,Male,Crimson
323,Isa,Pittman,ipittman8y@pen.io,Female,Red
324,Mariann,Hallaways,mhallaways8z@privacy.gov.au,Genderqueer,Red
325,Woody,Pimlott,wpimlott90@parallels.com,Male,Fuscia
326,Mella,Toy,mtoy91@biblegateway.com,Female,Turquoise
327,Lou,Meadowcraft,lmeadowcraft92@slate.com,Male,Indigo
328,Merrili,Ethridge,methridge93@oakley.com,Female,Goldenrod
329,Gwendolin,Lebell,glebell94@seattletimes.com,Female,Aquamarine
330,Kristina,Garwell,kgarwell95@merriam-webster.com,Female,Mauv
331,Frederigo,Davis,fdavis96@census.gov,Male,Aquamarine
332,Corrie,Orbon,corbon97@ihg.com,Male,Pink
333,Hildegaard,Kemshell,hkemshell98@hp.com,Female,Puce
334,Ilka,Hares,ihares99@scribd.com,Female,Turquoise
335,Merridie,Dorey,mdorey9a@apple.com,Female,Orange
336,Riobard,Gillebride,rgillebride9b@cocolog-nifty.com,Agender,Mauv
337,Gretel,Itzchaki,gitzchaki9c@census.gov,Female,Goldenrod
338,Lindon,Sherwin,lsherwin9d@scientificamerican.com,Male,Aquamarine
339,Stormie,Burle,sburle9e@techcrunch.com,Female,Red
340,Brinna,Godfray,bgodfray9f@shareasale.com,Female,Teal
341,Thedric,Clarkson,tclarkson9g@home.pl,Male,Blue
342,Elmer,Slyme,eslyme9h@stanford.edu,Bigender,Purple
343,Lauri,Finnemore,lfinnemore9i@nydailynews.com,Female,Violet
344,Brittney,Attewell,battewell9j@freewebs.com,Female,Crimson
345,Jordana,Cowing,jcowing9k@baidu.com,Female,Aquamarine
346,Farley,Gillooly,fgillooly9l@themeforest.net,Male,Maroon
347,Silvester,Kubacki,skubacki9m@seesaa.net,Male,Fuscia
348,Stacia,Pawelec,spawelec9n@bravesites.com,Female,Blue
349,Cherye,Jacobsohn,cjacobsohn9o@purevolume.com,Female,Pink
350,Florina,Solly,fsolly9p@weebly.com,Female,Crimson
351,Dredi,Denkin,ddenkin9q@wikimedia.org,Female,Teal
352,Horatio,Fevier,hfevier9r@nsw.gov.au,Male,Goldenrod
353,Jazmin,Aldous,jaldous9s@moonfruit.com,Female,Blue
354,Dorena,Gwyneth,dgwyneth9t@webmd.com,Female,Orange
355,Barny,Balogh,bbalogh9u@acquirethisname.com,Male,Goldenrod
356,Tootsie,Waller,twaller9v@engadget.com,Female,Blue
357,Bendick,Kiraly,bkiraly9w@buzzfeed.com,Male,Fuscia
358,Margarethe,Kingsman,mkingsman9x@youtube.com,Female,Puce
359,Phip,Pothergill,ppothergill9y@bing.com,Male,Mauv
360,Tybie,Housbey,thousbey9z@dropbox.com,Female,Fuscia
361,Malissia,Bentick,mbenticka0@msu.edu,Female,Crimson
362,Nelie,Benning,nbenninga1@com.com,Female,Khaki
363,Aldis,Prestner,aprestnera2@opensource.org,Male,Pink
364,Janna,Mougin,jmougina3@digg.com,Female,Crimson
365,Consolata,Shufflebotham,cshufflebothama4@guardian.co.uk,Female,Purple
366,Beck,Eichmann,beichmanna5@who.int,Male,Indigo
367,Gawain,Probin,gprobina6@ezinearticles.com,Male,Fuscia
368,Elspeth,Rentenbeck,erentenbecka7@elpais.com,Female,Aquamarine
369,Nerita,Struther,nstruthera8@gravatar.com,Female,Maroon
370,Ricki,Dominique,rdominiquea9@sphinn.com,Female,Purple
371,Shepard,Chaudron,schaudronaa@free.fr,Male,Turquoise
372,Starlene,Delcastel,sdelcastelab@bing.com,Female,Pink
373,Ax,Lettson,alettsonac@chicagotribune.com,Male,Green
374,Zoe,Staniland,zstanilandad@macromedia.com,Non-binary,Khaki
375,Meggie,Gamon,mgamonae@nsw.gov.au,Polygender,Blue
376,Erhard,Kubach,ekubachaf@ehow.com,Male,Yellow
377,Benn,Freake,bfreakeag@technorati.com,Polygender,Teal
378,Devlen,Downham,ddownhamah@comsenz.com,Male,Fuscia
379,Cos,Rustedge,crustedgeai@time.com,Bigender,Mauv
380,Pasquale,Scurry,pscurryaj@blogtalkradio.com,Male,Green
381,Antonino,Glendining,aglendiningak@about.me,Male,Teal
382,Cort,Bennen,cbennenal@mail.ru,Male,Goldenrod
383,Kilian,Hallsworth,khallswortham@hc360.com,Male,Indigo
384,Phillipe,Von Welden,pvonweldenan@bravesites.com,Male,Fuscia
385,Nathanil,Gwin,ngwinao@mozilla.org,Male,Orange
386,Nicholle,Caird,ncairdap@jimdo.com,Female,Purple
387,Letitia,Sapson,lsapsonaq@princeton.edu,Female,Crimson
388,Harriette,Regardsoe,hregardsoear@fema.gov,Female,Khaki
389,Baryram,Maggi,bmaggias@hubpages.com,Male,Blue
390,Saul,Scintsbury,sscintsburyat@nifty.com,Male,Pink
391,Guendolen,Shoubridge,gshoubridgeau@va.gov,Female,Orange
392,Avery,Ortsmann,aortsmannav@apple.com,Agender,Turquoise
393,Belicia,Blackhurst,bblackhurstaw@economist.com,Agender,Pink
394,Bran,Paddle,bpaddleax@mayoclinic.com,Male,Pink
395,Charo,MacEnelly,cmacenellyay@telegraph.co.uk,Female,Pink
396,Palmer,MacLure,pmaclureaz@narod.ru,Male,Turquoise
397,Myron,Habergham,mhaberghamb0@msn.com,Male,Purple
398,Michel,Lewington,mlewingtonb1@addtoany.com,Non-binary,Green
399,Gan,Maultby,gmaultbyb2@nbcnews.com,Male,Puce
400,Kristofor,McGraffin,kmcgraffinb3@51.la,Male,Yellow
401,Mildrid,Bullman,mbullmanb4@nsw.gov.au,Female,Turquoise
402,Milly,Chichgar,mchichgarb5@g.co,Female,Aquamarine
403,Ella,Haselup,ehaselupb6@ebay.com,Agender,Teal
404,Bax,Dews,bdewsb7@wunderground.com,Male,Orange
405,Shalna,Dickinson,sdickinsonb8@nhs.uk,Female,Blue
406,Aurore,Comfort,acomfortb9@drupal.org,Female,Green
407,Drucill,Habbema,dhabbemaba@angelfire.com,Female,Turquoise
408,Ivar,Rodway,irodwaybb@usnews.com,Male,Puce
409,Ronny,Brotherhead,rbrotherheadbc@wikipedia.org,Female,Mauv
410,Orv,Macek,omacekbd@php.net,Male,Yellow
411,Lon,Ropp,lroppbe@vinaora.com,Male,Green
412,Brendin,Ceyssen,bceyssenbf@jalbum.net,Male,Khaki
413,Estella,Hallows,ehallowsbg@meetup.com,Female,Indigo
414,Zach,Bailiss,zbailissbh@ow.ly,Male,Orange
415,Ilene,Brun,ibrunbi@hhs.gov,Female,Fuscia
416,Dorelle,Crispe,dcrispebj@acquirethisname.com,Female,Crimson
417,Sayres,MacKowle,smackowlebk@diigo.com,Male,Fuscia
418,Dorothee,Ding,ddingbl@list-manage.com,Female,Purple
419,Laverna,Wace,lwacebm@npr.org,Female,Turquoise
420,Alyss,Jakoviljevic,ajakoviljevicbn@unblog.fr,Female,Goldenrod
421,Jammie,Maruszewski,jmaruszewskibo@usa.gov,Female,Mauv
422,Nelie,Capelen,ncapelenbp@rediff.com,Female,Aquamarine
423,Thatch,Enser,tenserbq@fotki.com,Male,Indigo
424,Brittney,Sidney,bsidneybr@squarespace.com,Female,Yellow
425,Jerry,Dendle,jdendlebs@dmoz.org,Female,Indigo
426,Randal,Diplock,rdiplockbt@instagram.com,Male,Goldenrod
427,Christian,Vasyukhnov,cvasyukhnovbu@state.gov,Male,Red
428,Ned,Coakley,ncoakleybv@jigsy.com,Male,Orange
429,Eugenius,Bearns,ebearnsbw@ifeng.com,Male,Turquoise
430,Jaquenetta,Soffe,jsoffebx@behance.net,Female,Blue
431,Bridgette,McConnell,bmcconnellby@abc.net.au,Female,Maroon
432,Far,Baudains,fbaudainsbz@latimes.com,Male,Mauv
433,Rebecca,Pillman,rpillmanc0@meetup.com,Female,Crimson
434,Sherri,Boatman,sboatmanc1@wisc.edu,Female,Red
435,Cecilio,Pepperell,cpepperellc2@fastcompany.com,Male,Puce
436,Benton,Kadwallider,bkadwalliderc3@sbwire.com,Male,Turquoise
437,Aleta,Matyatin,amatyatinc4@nsw.gov.au,Female,Indigo
438,Eve,Rings,eringsc5@prweb.com,Female,Indigo
439,Abbot,Shotboulte,ashotboultec6@squarespace.com,Male,Green
440,Anselma,Bunhill,abunhillc7@cnn.com,Female,Green
441,Jena,Aggett,jaggettc8@seesaa.net,Female,Puce
442,Maryjo,Tamburi,mtamburic9@wikispaces.com,Female,Mauv
443,Bell,Asel,baselca@answers.com,Female,Maroon
444,Christyna,Studdard,cstuddardcb@hp.com,Female,Yellow
445,Crosby,Podbury,cpodburycc@accuweather.com,Male,Blue
446,Lelia,MacDonnell,lmacdonnellcd@uol.com.br,Female,Aquamarine
447,Paulita,Dudman,pdudmance@scribd.com,Female,Turquoise
448,Patrice,Antosch,pantoschcf@networkadvertising.org,Male,Yellow
449,Demeter,Ainscough,dainscoughcg@theglobeandmail.com,Bigender,Purple
450,Gretal,Longstreeth,glongstreethch@gov.uk,Female,Yellow
451,Torey,McKerron,tmckerronci@vkontakte.ru,Genderfluid,Turquoise
452,Roxie,Tugwell,rtugwellcj@scribd.com,Female,Purple
453,Homer,Bleby,hblebyck@mayoclinic.com,Male,Indigo
454,Daryn,Copnell,dcopnellcl@wsj.com,Polygender,Mauv
455,Fidelio,Kierans,fkieranscm@illinois.edu,Male,Yellow
456,Maddie,Mcettrick,mmcettrickcn@ameblo.jp,Female,Orange
457,Moore,Viscovi,mviscovico@mapy.cz,Male,Teal
458,Hasheem,Gillanders,hgillanderscp@marketwatch.com,Male,Turquoise
459,Lutero,Crone,lcronecq@amazon.de,Male,Yellow
460,Verne,Freund,vfreundcr@google.com.br,Male,Crimson
461,Hetti,Jentle,hjentlecs@hatena.ne.jp,Female,Crimson
462,Daffie,Kave,dkavect@reference.com,Female,Violet
463,Wynn,Beale,wbealecu@github.com,Male,Blue
464,Wilhelm,Bauldry,wbauldrycv@ning.com,Male,Mauv
465,Wiatt,Portch,wportchcw@time.com,Non-binary,Khaki
466,Zelig,Plumbe,zplumbecx@flavors.me,Male,Blue
467,Devina,McConnell,dmcconnellcy@i2i.jp,Female,Fuscia
468,Darcy,Fannon,dfannoncz@ebay.co.uk,Male,Khaki
469,Cal,Hinkens,chinkensd0@nifty.com,Male,Maroon
470,Letisha,Clackson,lclacksond1@cdc.gov,Female,Violet
471,Cindy,Budget,cbudgetd2@thetimes.co.uk,Female,Red
472,Jorry,Colombier,jcolombierd3@china.com.cn,Female,Teal
473,Jo ann,Harbin,jharbind4@quantcast.com,Agender,Blue
474,Fransisco,Cana,fcanad5@discuz.net,Male,Mauv
475,Rourke,Bodham,rbodhamd6@spiegel.de,Male,Orange
476,Rana,Critchley,rcritchleyd7@ft.com,Female,Aquamarine
477,Giulio,Prawle,gprawled8@mit.edu,Male,Khaki
478,Fredelia,Peatheyjohns,fpeatheyjohnsd9@washingtonpost.com,Female,Purple
479,Kaylee,Philippault,kphilippaultda@123-reg.co.uk,Female,Khaki
480,Orland,Linstead,olinsteaddb@yandex.ru,Male,Khaki
481,Gerianna,Baelde,gbaeldedc@earthlink.net,Female,Pink
482,Galven,Loren,glorendd@a8.net,Male,Teal
483,Antoinette,Barenski,abarenskide@amazon.co.uk,Female,Goldenrod
484,Elayne,Sproat,esproatdf@prnewswire.com,Female,Purple
485,Rachele,Richardes,rrichardesdg@nymag.com,Female,Orange
486,Rube,Craythorn,rcraythorndh@buzzfeed.com,Male,Purple
487,Merilyn,Ofield,mofielddi@theatlantic.com,Female,Indigo
488,Leonardo,Cadreman,lcadremandj@cloudflare.com,Male,Orange
489,Ham,Baudesson,hbaudessondk@salon.com,Male,Pink
490,Timoteo,Prigmore,tprigmoredl@plala.or.jp,Male,Purple
491,Brigg,Bourgeois,bbourgeoisdm@slate.com,Male,Goldenrod
492,Prudi,Satford,psatforddn@1688.com,Agender,Pink
493,Rose,Cufflin,rcufflindo@surveymonkey.com,Female,Pink
494,Nicolai,Packington,npackingtondp@de.vu,Male,Teal
495,Stanislas,Amort,samortdq@cnn.com,Male,Indigo
496,Kelly,Saddleton,ksaddletondr@google.com,Male,Purple
497,Dominica,De la Zenne,ddelazenneds@cafepress.com,Female,Teal
498,Jodie,Ionn,jionndt@pagesperso-orange.fr,Male,Violet
499,Francine,Tumilty,ftumiltydu@vistaprint.com,Female,Fuscia
500,Lucita,Kording,lkordingdv@51.la,Female,Mauv
501,Irita,Walkowski,iwalkowskidw@istockphoto.com,Female,Violet
502,Barret,Abrahamsohn,babrahamsohndx@comcast.net,Male,Maroon
503,Sayers,Kilfedder,skilfedderdy@timesonline.co.uk,Male,Mauv
504,Calhoun,Riddiford,criddiforddz@pcworld.com,Male,Goldenrod
505,Portia,Peak,ppeake0@webeden.co.uk,Female,Goldenrod
506,Merry,Fanshawe,mfanshawee1@infoseek.co.jp,Male,Red
507,Fedora,Matitiaho,fmatitiahoe2@cnet.com,Female,Red
508,Bord,Durkin,bdurkine3@networksolutions.com,Male,Maroon
509,Justina,Brodley,jbrodleye4@google.com.hk,Female,Khaki
510,Odilia,Barfield,obarfielde5@fda.gov,Female,Goldenrod
511,Helaine,Havard,hhavarde6@wordpress.org,Female,Maroon
512,Shayna,Cheke,schekee7@nbcnews.com,Female,Maroon
513,Gussy,Buist,gbuiste8@cdbaby.com,Non-binary,Blue
514,Friederike,Lantiffe,flantiffee9@craigslist.org,Female,Red
515,Catina,Wales,cwalesea@e-recht24.de,Genderqueer,Mauv
516,Idalina,Cescon,icesconeb@360.cn,Female,Mauv
517,Pascale,Ghidoni,pghidoniec@oakley.com,Male,Khaki
518,Mateo,Ferriday,mferridayed@slashdot.org,Male,Violet
519,Hedwiga,Trivett,htrivettee@vimeo.com,Female,Blue
520,Gerta,Craigheid,gcraigheidef@google.cn,Female,Turquoise
521,Annetta,Quilkin,aquilkineg@cpanel.net,Female,Goldenrod
522,Grantham,Tanswell,gtanswelleh@globo.com,Male,Yellow
523,Monte,Reims,mreimsei@discuz.net,Genderqueer,Pink
524,Dex,Leiden,dleidenej@mozilla.com,Male,Pink
525,Aleece,Cutteridge,acutteridgeek@cpanel.net,Female,Goldenrod
526,Gwenneth,Etter,getterel@google.ru,Female,Aquamarine
527,Tallie,Betteson,tbettesonem@omniture.com,Polygender,Orange
528,Geralda,Chastelain,gchastelainen@squarespace.com,Female,Red
529,Rochella,Bickley,rbickleyeo@nsw.gov.au,Female,Yellow
530,Nicol,Mughal,nmughalep@spotify.com,Male,Teal
531,Sheffie,Zolini,szolinieq@slate.com,Male,Maroon
532,Mac,Mungane,mmunganeer@gmpg.org,Male,Yellow
533,Goldy,Lasham,glashames@a8.net,Female,Turquoise
534,Allyce,McLanachan,amclanachanet@reference.com,Female,Puce
535,Nero,Buten,nbuteneu@senate.gov,Male,Yellow
536,Kristen,Cordet,kcordetev@psu.edu,Female,Crimson
537,Angelina,Tomisch,atomischew@noaa.gov,Female,Indigo
538,Darius,Ivakhno,divakhnoex@bbb.org,Male,Fuscia
539,Sela,Towson,stowsoney@moonfruit.com,Female,Pink
540,Neile,Levey,nleveyez@facebook.com,Female,Maroon
541,Purcell,Girk,pgirkf0@usa.gov,Male,Mauv
542,Steve,McCrorie,smccrorief1@fotki.com,Male,Orange
543,Cody,Kibbye,ckibbyef2@barnesandnoble.com,Female,Fuscia
544,Darsie,Corbitt,dcorbittf3@usatoday.com,Female,Purple
545,Bernette,Varfalameev,bvarfalameevf4@printfriendly.com,Female,Violet
546,Meryl,Sapshed,msapshedf5@upenn.edu,Male,Violet
547,Cairistiona,Toulmin,ctoulminf6@wikipedia.org,Female,Violet
548,Jacqueline,Wheelwright,jwheelwrightf7@cyberchimps.com,Female,Blue
549,Leilah,Hurworth,lhurworthf8@tinyurl.com,Female,Crimson
550,Milt,Izzard,mizzardf9@reverbnation.com,Male,Maroon
551,Kristo,Lenaghen,klenaghenfa@altervista.org,Male,Turquoise
552,Simonne,Sorrel,ssorrelfb@google.cn,Female,Khaki
553,Consuelo,Pirrie,cpirriefc@cargocollective.com,Female,Purple
554,Dalton,Sharple,dsharplefd@noaa.gov,Male,Maroon
555,Truman,Fenemore,tfenemorefe@whitehouse.gov,Male,Indigo
556,Gasper,Craigmyle,gcraigmyleff@arstechnica.com,Male,Aquamarine
557,Orbadiah,Bainbridge,obainbridgefg@shop-pro.jp,Male,Green
558,Alexandra,Kielt,akieltfh@odnoklassniki.ru,Female,Teal
559,Marius,Wyrall,mwyrallfi@barnesandnoble.com,Male,Pink
560,Birch,Snell,bsnellfj@java.com,Male,Red
561,Fanni,Dudden,fduddenfk@pagesperso-orange.fr,Female,Puce
562,Euell,Matuszynski,ematuszynskifl@boston.com,Male,Teal
563,Sephira,McEachern,smceachernfm@latimes.com,Female,Mauv
564,Goldina,Godbehere,ggodbeherefn@blinklist.com,Female,Orange
565,Bradney,Avarne,bavarnefo@icq.com,Male,Violet
566,Jonie,Pinfold,jpinfoldfp@canalblog.com,Female,Aquamarine
567,Hughie,Yegorshin,hyegorshinfq@discovery.com,Male,Puce
568,Valeda,Trouncer,vtrouncerfr@altervista.org,Female,Crimson
569,Oby,Gulland,ogullandfs@indiatimes.com,Male,Puce
570,Rebecca,Witherop,rwitheropft@eventbrite.com,Female,Red
571,Devlen,Nacci,dnaccifu@cpanel.net,Male,Teal
572,Shane,Willmett,swillmettfv@usatoday.com,Male,Turquoise
573,Marguerite,Abram,mabramfw@so-net.ne.jp,Female,Fuscia
574,Wallace,Tearny,wtearnyfx@weibo.com,Male,Indigo
575,Maudie,Raraty,mraratyfy@ameblo.jp,Female,Puce
576,Darcie,Weich,dweichfz@qq.com,Female,Fuscia
577,Umberto,Cluney,ucluneyg0@hhs.gov,Male,Turquoise
578,Zacharias,Clayfield,zclayfieldg1@theatlantic.com,Male,Yellow
579,Giana,Giral,ggiralg2@patch.com,Female,Maroon
580,Joelynn,Gentner,jgentnerg3@go.com,Female,Orange
581,Kin,Herrieven,kherrieveng4@fda.gov,Male,Turquoise
582,Kristyn,Zarb,kzarbg5@spiegel.de,Female,Indigo
583,Clarie,Carrick,ccarrickg6@amazon.co.jp,Bigender,Red
584,Nels,Eaden,neadeng7@admin.ch,Male,Purple
585,Ludvig,Bridge,lbridgeg8@sina.com.cn,Male,Maroon
586,Rhea,Frift,rfriftg9@wp.com,Genderqueer,Puce
587,Monti,Merchant,mmerchantga@blinklist.com,Male,Orange
588,Jdavie,Balch,jbalchgb@shareasale.com,Male,Crimson
589,Teresina,Children,tchildrengc@earthlink.net,Female,Khaki
590,Chantal,O'Cullen,cocullengd@reference.com,Female,Red
591,Palmer,Densell,pdensellge@pbs.org,Male,Teal
592,Gasparo,Linke,glinkegf@sakura.ne.jp,Male,Purple
593,Shelton,Meade,smeadegg@java.com,Male,Green
594,Marice,Niesel,mnieselgh@va.gov,Female,Fuscia
595,Alecia,Glasgow,aglasgowgi@answers.com,Polygender,Khaki
596,Daren,Pfeffel,dpfeffelgj@cbsnews.com,Male,Crimson
597,Kenyon,Dwane,kdwanegk@bigcartel.com,Male,Fuscia
598,Rachelle,Walkden,rwalkdengl@istockphoto.com,Female,Yellow
599,Antin,Larkworthy,alarkworthygm@desdev.cn,Male,Red
600,Taylor,Matthesius,tmatthesiusgn@youtu.be,Male,Pink
601,Ario,Kentwell,akentwellgo@china.com.cn,Male,Indigo
602,Joli,Rasch,jraschgp@cdc.gov,Female,Maroon
603,Bran,McCulley,bmcculleygq@amazonaws.com,Male,Puce
604,Jamesy,Pignon,jpignongr@businessweek.com,Male,Teal
605,Rosina,Bendson,rbendsongs@narod.ru,Female,Purple
606,Allyson,Windous,awindousgt@cmu.edu,Female,Crimson
607,Sharl,O' Bee,sobeegu@example.com,Female,Maroon
608,Merridie,Ferroni,mferronigv@storify.com,Female,Khaki
609,Rivkah,Smout,rsmoutgw@ft.com,Female,Maroon
610,Jerry,Burnel,jburnelgx@tamu.edu,Male,Maroon
611,Amelina,Mountstephen,amountstephengy@ow.ly,Female,Puce
612,Camellia,Beak,cbeakgz@pen.io,Female,Red
613,Marsha,Longlands,mlonglandsh0@nba.com,Female,Violet
614,Sharlene,Rayhill,srayhillh1@google.ru,Female,Goldenrod
615,Ricky,Aisbett,raisbetth2@theglobeandmail.com,Female,Teal
616,Andrey,Stuckes,astuckesh3@flickr.com,Male,Teal
617,Minetta,Purrington,mpurringtonh4@sogou.com,Female,Violet
618,Basil,Poile,bpoileh5@e-recht24.de,Male,Fuscia
619,Hildegarde,Baseley,hbaseleyh6@4shared.com,Female,Aquamarine
620,Alethea,Colledge,acolledgeh7@amazon.com,Female,Violet
621,Sascha,MacCurley,smaccurleyh8@ox.ac.uk,Female,Orange
622,Ava,Stallebrass,astallebrassh9@tmall.com,Female,Orange
623,Sammy,Iddons,siddonsha@free.fr,Male,Teal
624,Charita,Cleminson,ccleminsonhb@amazon.co.uk,Female,Teal
625,Ancell,Dwire,adwirehc@umn.edu,Male,Yellow
626,Anabel,Randal,arandalhd@drupal.org,Female,Violet
627,Alphonso,Hazlewood,ahazlewoodhe@engadget.com,Male,Turquoise
628,Elise,Drable,edrablehf@usa.gov,Female,Khaki
629,Carleen,Gaine,cgainehg@sourceforge.net,Female,Violet
630,Ab,Winnard,awinnardhh@unesco.org,Male,Green
631,Nye,Presser,npresserhi@delicious.com,Male,Turquoise
632,Daron,Redwall,dredwallhj@yellowbook.com,Male,Aquamarine
633,Luca,Gealy,lgealyhk@archive.org,Male,Fuscia
634,Niven,Milton-White,nmiltonwhitehl@1und1.de,Male,Red
635,Taber,Bosworth,tbosworthhm@xrea.com,Male,Red
636,Thekla,Spellesy,tspellesyhn@people.com.cn,Female,Goldenrod
637,Michael,Mounsey,mmounseyho@uiuc.edu,Male,Indigo
638,Aldrich,Phin,aphinhp@nba.com,Male,Red
639,Magnum,Vearncombe,mvearncombehq@sciencedaily.com,Male,Goldenrod
640,Penrod,Marriot,pmarriothr@wikia.com,Male,Orange
641,Nial,Marousek,nmarousekhs@livejournal.com,Male,Red
642,Heath,Halsworth,hhalsworthht@yale.edu,Bigender,Yellow
643,Randi,Gleave,rgleavehu@paginegialle.it,Genderqueer,Crimson
644,Darcie,Geddes,dgeddeshv@gizmodo.com,Female,Yellow
645,Karrah,Jorry,kjorryhw@nih.gov,Female,Fuscia
646,Katuscha,Harvett,kharvetthx@lulu.com,Female,Green
647,Margaret,Gleave,mgleavehy@tinyurl.com,Female,Teal
648,Abbot,Raddan,araddanhz@state.gov,Male,Pink
649,Antonino,Heasley,aheasleyi0@devhub.com,Male,Green
650,Cherin,Hewell,chewelli1@cnbc.com,Female,Crimson
651,Madelyn,Funcheon,mfuncheoni2@soup.io,Female,Goldenrod
652,Rosana,Visick,rvisicki3@so-net.ne.jp,Female,Turquoise
653,Connie,McAughtrie,cmcaughtriei4@ezinearticles.com,Male,Mauv
654,Kendell,MacIllrick,kmacillricki5@mashable.com,Male,Red
655,Nertie,Romer,nromeri6@networkadvertising.org,Female,Turquoise
656,Drucie,Eames,deamesi7@hc360.com,Female,Blue
657,Coleen,Orhtmann,corhtmanni8@google.fr,Female,Puce
658,Amata,Geerits,ageeritsi9@narod.ru,Female,Blue
659,Courtney,Speake,cspeakeia@hp.com,Bigender,Purple
660,Ralph,Kermit,rkermitib@cnet.com,Male,Aquamarine
661,Mariquilla,Bohea,mboheaic@canalblog.com,Polygender,Red
662,Elsie,Bibb,ebibbid@furl.net,Genderfluid,Indigo
663,Nickie,Etherton,nethertonie@friendfeed.com,Male,Pink
664,Anson,Heare,aheareif@godaddy.com,Male,Teal
665,Katrinka,Dwyr,kdwyrig@cnn.com,Female,Indigo
666,Tiff,Peres,tperesih@hud.gov,Female,Fuscia
667,Calypso,Becarra,cbecarraii@ocn.ne.jp,Female,Teal
668,Shelley,Sworder,ssworderij@walmart.com,Male,Yellow
669,Major,Rout,mroutik@sitemeter.com,Non-binary,Mauv
670,Jackelyn,Lucian,jlucianil@phpbb.com,Female,Violet
671,Katha,Willder,kwillderim@comsenz.com,Female,Orange
672,Lita,Giffin,lgiffinin@posterous.com,Genderqueer,Yellow
673,Holden,MacNeilley,hmacneilleyio@4shared.com,Male,Maroon
674,Bart,Colicot,bcolicotip@mysql.com,Genderfluid,Blue
675,Wayland,Maynell,wmaynelliq@goo.ne.jp,Male,Pink
676,Ardith,Tenpenny,atenpennyir@opera.com,Female,Green
677,Dell,Pease,dpeaseis@sakura.ne.jp,Female,Turquoise
678,Leroi,Cobbin,lcobbinit@wikipedia.org,Male,Fuscia
679,Brendis,Ordemann,bordemanniu@google.com,Male,Yellow
680,Gonzalo,O'Fielly,gofiellyiv@cmu.edu,Male,Turquoise
681,Payton,Doyley,pdoyleyiw@feedburner.com,Male,Red
682,Ranique,Stickles,rsticklesix@geocities.com,Female,Puce
683,Irwin,Beere,ibeereiy@typepad.com,Male,Turquoise
684,Veradis,Bartolomivis,vbartolomivisiz@360.cn,Female,Goldenrod
685,Pris,Shoulders,pshouldersj0@ucoz.ru,Female,Fuscia
686,Nisse,Alwen,nalwenj1@t-online.de,Female,Mauv
687,Karia,Radcliffe,kradcliffej2@reddit.com,Female,Turquoise
688,Rosella,Charpin,rcharpinj3@squarespace.com,Female,Maroon
689,Ilsa,Willcot,iwillcotj4@sina.com.cn,Female,Fuscia
690,Dion,Beller,dbellerj5@zdnet.com,Male,Turquoise
691,Arvin,Vincent,avincentj6@sitemeter.com,Male,Fuscia
692,Carmen,Seale,csealej7@loc.gov,Genderfluid,Blue
693,Colman,Finden,cfindenj8@omniture.com,Male,Goldenrod
694,Jessamine,MacKill,jmackillj9@google.co.jp,Female,Violet
695,Ebeneser,Bidnall,ebidnallja@google.com.br,Male,Orange
696,Matteo,Berthome,mberthomejb@webmd.com,Male,Maroon
697,Ingunna,Swindall,iswindalljc@photobucket.com,Female,Maroon
698,Peria,Amorine,pamorinejd@live.com,Female,Turquoise
699,Erna,Pinnijar,epinnijarje@ezinearticles.com,Female,Orange
700,Ring,Bracco,rbraccojf@state.tx.us,Male,Mauv
701,Nathanil,Saterthwait,nsaterthwaitjg@unblog.fr,Male,Orange
702,Gage,Roubert,groubertjh@cloudflare.com,Male,Indigo
703,Tricia,Tapscott,ttapscottji@sciencedaily.com,Female,Fuscia
704,Abbe,McFadyen,amcfadyenjj@networksolutions.com,Male,Yellow
705,Halli,Beaglehole,hbeagleholejk@studiopress.com,Female,Teal
706,Delmor,Jacox,djacoxjl@soup.io,Genderqueer,Teal
707,Fairfax,Lockton,flocktonjm@wikispaces.com,Male,Aquamarine
708,Rubetta,Shenton,rshentonjn@cdbaby.com,Agender,Maroon
709,Raphael,Morales,rmoralesjo@dailymotion.com,Male,Teal
710,Claribel,Leworthy,cleworthyjp@unicef.org,Female,Orange
711,Brit,Lum,blumjq@google.com.au,Agender,Green
712,Homer,Broxis,hbroxisjr@adobe.com,Male,Green
713,Lukas,Gideon,lgideonjs@opensource.org,Male,Aquamarine
714,Benedicto,Tankus,btankusjt@sphinn.com,Male,Red
715,Salome,Clemendot,sclemendotju@bizjournals.com,Female,Puce
716,Hugues,Tideswell,htideswelljv@livejournal.com,Male,Turquoise
717,Calypso,Kempton,ckemptonjw@t-online.de,Female,Aquamarine
718,Farlay,Attfield,fattfieldjx@kickstarter.com,Male,Purple
719,Gerhardt,Blackie,gblackiejy@unesco.org,Male,Fuscia
720,Rog,Phebey,rphebeyjz@wunderground.com,Male,Turquoise
721,Cornie,Abrahams,cabrahamsk0@kickstarter.com,Female,Goldenrod
722,Kevina,Kleingrub,kkleingrubk1@nydailynews.com,Agender,Violet
723,Graig,Ewen,gewenk2@quantcast.com,Bigender,Fuscia
724,Eran,Rowston,erowstonk3@yandex.ru,Female,Orange
725,Doralin,Apfler,dapflerk4@reuters.com,Agender,Red
726,Nelson,Brockie,nbrockiek5@friendfeed.com,Male,Mauv
727,Malia,Ritchley,mritchleyk6@constantcontact.com,Female,Green
728,Quinta,Babalola,qbabalolak7@comsenz.com,Genderfluid,Purple
729,Sarine,Heinrich,sheinrichk8@usnews.com,Female,Maroon
730,Zachariah,Wilse,zwilsek9@about.com,Male,Goldenrod
731,Waldemar,Dudman,wdudmanka@php.net,Male,Red
732,Alfred,Caunce,acauncekb@slideshare.net,Male,Green
733,Katie,Gonzales,kgonzaleskc@google.nl,Female,Teal
734,Tatiania,Cortin,tcortinkd@youku.com,Female,Pink
735,Maisey,Bischoff,mbischoffke@nature.com,Female,Orange
736,Maddy,Kilshall,mkilshallkf@indiegogo.com,Bigender,Aquamarine
737,Darrick,Premble,dpremblekg@amazon.co.jp,Male,Violet
738,Cleon,Hallawell,challawellkh@google.com,Male,Violet
739,Brad,Findlow,bfindlowki@lycos.com,Male,Yellow
740,Timmie,Keneforde,tkenefordekj@biglobe.ne.jp,Female,Turquoise
741,Leda,Zylberdik,lzylberdikkk@businessweek.com,Female,Turquoise
742,Godiva,Macconachy,gmacconachykl@imdb.com,Female,Crimson
743,Carrie,Parcell,cparcellkm@trellian.com,Agender,Khaki
744,Adriaens,Doel,adoelkn@cisco.com,Female,Yellow
745,Shadow,Rodgers,srodgersko@mail.ru,Non-binary,Green
746,Regan,MacAne,rmacanekp@example.com,Female,Teal
747,Pail,Pusey,ppuseykq@arstechnica.com,Male,Goldenrod
748,Maurizio,Canfield,mcanfieldkr@aol.com,Male,Orange
749,Verne,Petyanin,vpetyaninks@delicious.com,Male,Teal
750,Clementius,Gwyneth,cgwynethkt@technorati.com,Male,Maroon
751,Aryn,Farady,afaradyku@dagondesign.com,Female,Indigo
752,Feliks,Heading,fheadingkv@loc.gov,Male,Red
753,Harriette,Kemmish,hkemmishkw@macromedia.com,Female,Pink
754,Luce,Hatton,lhattonkx@google.com.hk,Male,Yellow
755,Willie,O'Flaherty,woflahertyky@oakley.com,Female,Mauv
756,Corbin,Durie,cduriekz@nba.com,Male,Pink
757,Farlay,Berthome,fberthomel0@zdnet.com,Male,Blue
758,Jennette,Samweyes,jsamweyesl1@buzzfeed.com,Female,Teal
759,Angelina,McGinley,amcginleyl2@123-reg.co.uk,Female,Maroon
760,Bobbe,Whittock,bwhittockl3@yandex.ru,Female,Green
761,Mabel,Killingbeck,mkillingbeckl4@acquirethisname.com,Female,Aquamarine
762,Ginnie,Jatczak,gjatczakl5@github.io,Female,Khaki
763,Doralynn,Smoth,dsmothl6@businessinsider.com,Female,Khaki
764,Elnora,Kulicke,ekulickel7@tripadvisor.com,Female,Yellow
765,Torr,Doody,tdoodyl8@mac.com,Male,Maroon
766,Jorgan,Tilney,jtilneyl9@ftc.gov,Male,Aquamarine
767,Padgett,Hegges,pheggesla@intel.com,Male,Blue
768,Sidonia,Senior,sseniorlb@jigsy.com,Female,Teal
769,Euell,Weild,eweildlc@amazon.de,Male,Turquoise
770,Abraham,Cokly,acoklyld@bbb.org,Male,Goldenrod
771,Aldridge,O'Kerin,aokerinle@livejournal.com,Male,Mauv
772,Baily,Reisin,breisinlf@about.com,Male,Red
773,Steffie,Hare,sharelg@google.de,Female,Mauv
774,Wye,Gregr,wgregrlh@flickr.com,Male,Yellow
775,Kimble,Pipet,kpipetli@ft.com,Male,Green
776,Missie,Orris,morrislj@zdnet.com,Female,Teal
777,Fraser,Sadler,fsadlerlk@dailymotion.com,Male,Teal
778,Ingram,Linnock,ilinnockll@newsvine.com,Non-binary,Khaki
779,Gerard,Wille,gwillelm@wufoo.com,Male,Pink
780,Sherwood,Nicklinson,snicklinsonln@amazon.com,Male,Fuscia
781,Annecorinne,Oguz,aoguzlo@tiny.cc,Female,Yellow
782,Alexandre,Tawse,atawselp@behance.net,Male,Turquoise
783,Winny,Burgne,wburgnelq@yahoo.co.jp,Female,Aquamarine
784,Halley,Redgrove,hredgrovelr@myspace.com,Female,Yellow
785,Dniren,Thurlbeck,dthurlbeckls@php.net,Genderfluid,Crimson
786,Jordan,Guiot,jguiotlt@miitbeian.gov.cn,Female,Orange
787,Kai,Housecroft,khousecroftlu@slate.com,Female,Blue
788,Jaine,Hassey,jhasseylv@google.es,Female,Maroon
789,Gray,Troth,gtrothlw@goodreads.com,Male,Yellow
790,Gran,Moultrie,gmoultrielx@vistaprint.com,Male,Aquamarine
791,Cori,Mackiewicz,cmackiewiczly@sakura.ne.jp,Female,Orange
792,Adelina,Clemendet,aclemendetlz@biglobe.ne.jp,Female,Aquamarine
793,Wolfgang,Gurys,wgurysm0@usa.gov,Male,Yellow
794,Sada,Court,scourtm1@marriott.com,Female,Green
795,Caressa,McDade,cmcdadem2@dmoz.org,Female,Goldenrod
796,Ingamar,Shaul,ishaulm3@un.org,Male,Blue
797,Opaline,Bidder,obidderm4@spiegel.de,Female,Teal
798,Deana,Tarver,dtarverm5@geocities.com,Female,Turquoise
799,Natividad,Ivetts,nivettsm6@howstuffworks.com,Female,Fuscia
800,Vinny,Jakab,vjakabm7@google.cn,Male,Green
801,Pinchas,Bennison,pbennisonm8@foxnews.com,Male,Red
802,Alvan,Sapson,asapsonm9@mail.ru,Male,Orange
803,Goldarina,Boord,gboordma@amazon.de,Female,Turquoise
804,Sapphira,Adds,saddsmb@dailymail.co.uk,Bigender,Purple
805,Marie,Kidwell,mkidwellmc@theguardian.com,Female,Khaki
806,Worthington,Upfold,wupfoldmd@hostgator.com,Male,Orange
807,Rutger,Quilligan,rquilliganme@weather.com,Male,Mauv
808,Laverna,Caston,lcastonmf@samsung.com,Female,Puce
809,Diena,Coudray,dcoudraymg@wikimedia.org,Female,Goldenrod
810,Lesly,Tomblin,ltomblinmh@miitbeian.gov.cn,Female,Teal
811,Desdemona,Dumberrill,ddumberrillmi@ox.ac.uk,Female,Goldenrod
812,Deanna,Dowson,ddowsonmj@123-reg.co.uk,Female,Khaki
813,Gannon,Littlekit,glittlekitmk@edublogs.org,Male,Green
814,Nicol,Leagas,nleagasml@csmonitor.com,Male,Maroon
815,Rudolfo,Thirst,rthirstmm@prlog.org,Male,Mauv
816,Pauly,Shildrick,pshildrickmn@studiopress.com,Male,Khaki
817,Renae,McAllaster,rmcallastermo@so-net.ne.jp,Female,Crimson
818,Andreana,Kopke,akopkemp@prweb.com,Female,Green
819,Jojo,Murdy,jmurdymq@smugmug.com,Female,Goldenrod
820,Rockey,Jelkes,rjelkesmr@icq.com,Male,Teal
821,Salomone,Newburn,snewburnms@lycos.com,Male,Indigo
822,Obadias,Aron,oaronmt@hhs.gov,Male,Turquoise
823,Kalinda,Revie,kreviemu@dyndns.org,Female,Aquamarine
824,Fiann,Lashbrook,flashbrookmv@google.co.uk,Female,Goldenrod
825,Alidia,O'Brallaghan,aobrallaghanmw@yale.edu,Female,Goldenrod
826,Karoline,Harce,kharcemx@w3.org,Female,Khaki
827,Dorey,Whifen,dwhifenmy@cbsnews.com,Male,Crimson
828,Yevette,Eyckelberg,yeyckelbergmz@smh.com.au,Female,Puce
829,Johnathon,Waskett,jwaskettn0@studiopress.com,Male,Orange
830,Luther,Ownsworth,lownsworthn1@tumblr.com,Male,Goldenrod
831,Kacey,Pullen,kpullenn2@cnn.com,Female,Violet
832,Kara-lynn,Van der Baaren,kvanderbaarenn3@hud.gov,Female,Violet
833,Parnell,Versey,pverseyn4@xing.com,Male,Violet
834,Franz,Zanni,fzannin5@google.com.hk,Male,Indigo
835,Morrie,Harron,mharronn6@issuu.com,Male,Maroon
836,Hillary,Summerfield,hsummerfieldn7@imgur.com,Polygender,Violet
837,Torrey,Summerill,tsummerilln8@icio.us,Male,Fuscia
838,Goldi,Le Houx,glehouxn9@trellian.com,Non-binary,Violet
839,Cecilius,Burrett,cburrettna@cbc.ca,Male,Green
840,Herold,De Hoogh,hdehooghnb@tripadvisor.com,Male,Turquoise
841,Aguste,Davidowich,adavidowichnc@si.edu,Male,Indigo
842,Win,Gambles,wgamblesnd@google.com.br,Male,Violet
843,Winona,Antecki,wanteckine@google.com.br,Female,Violet
844,Nikos,McClinton,nmcclintonnf@businessinsider.com,Male,Blue
845,Rana,Basili,rbasiling@statcounter.com,Female,Mauv
846,Juliet,Quare,jquarenh@prlog.org,Female,Orange
847,Fancy,Matonin,fmatoninni@domainmarket.com,Female,Aquamarine
848,Chandler,Rosle,croslenj@virginia.edu,Male,Pink
849,Peta,Gatley,pgatleynk@google.com,Female,Violet
850,Erena,Batters,ebattersnl@cnbc.com,Female,Violet
851,Maxie,Gurden,mgurdennm@nifty.com,Male,Red
852,Aurel,Cressar,acressarnn@barnesandnoble.com,Female,Goldenrod
853,Augustin,Frisel,afriselno@livejournal.com,Male,Green
854,Bax,Chafney,bchafneynp@arizona.edu,Male,Violet
855,Jessica,Keward,jkewardnq@privacy.gov.au,Female,Yellow
856,Albertina,Otteridge,aotteridgenr@businesswire.com,Female,Indigo
857,Jimmy,Kline,jklinens@auda.org.au,Male,Fuscia
858,Whitney,Seer,wseernt@altervista.org,Female,Fuscia
859,Shirley,Bartolozzi,sbartolozzinu@zimbio.com,Female,Blue
860,Edita,Pena,epenanv@virginia.edu,Female,Green
861,Xever,Rizzolo,xrizzolonw@wsj.com,Male,Indigo
862,Annaliese,Dacre,adacrenx@archive.org,Female,Blue
863,Eddy,Allmen,eallmenny@cafepress.com,Male,Fuscia
864,Nisse,Stove,nstovenz@studiopress.com,Female,Green
865,Sigmund,Apfelmann,sapfelmanno0@yahoo.co.jp,Agender,Goldenrod
866,Lexy,Bison,lbisono1@tamu.edu,Female,Red
867,Niles,Blonden,nblondeno2@liveinternet.ru,Male,Indigo
868,Rina,Boynes,rboyneso3@homestead.com,Genderqueer,Violet
869,Pierce,Seaward,pseawardo4@vimeo.com,Male,Yellow
870,Huberto,Milleton,hmilletono5@quantcast.com,Male,Teal
871,Seth,Amps,sampso6@aol.com,Male,Maroon
872,Gerik,Knowlden,gknowldeno7@nymag.com,Male,Teal
873,Florenza,Chandler,fchandlero8@walmart.com,Female,Crimson
874,Stormy,Sindell,ssindello9@mail.ru,Female,Khaki
875,Judye,Greengrass,jgreengrassoa@paypal.com,Female,Teal
876,Averil,Mussington,amussingtonob@canalblog.com,Female,Indigo
877,Becka,Hallybone,bhallyboneoc@blinklist.com,Female,Blue
878,Lars,Bednall,lbednallod@studiopress.com,Male,Puce
879,Berne,Wesson,bwessonoe@europa.eu,Non-binary,Green
880,Sophi,Hinchcliffe,shinchcliffeof@mapy.cz,Female,Yellow
881,Bonita,Kopp,bkoppog@blogger.com,Bigender,Purple
882,Alphard,Drei,adreioh@hostgator.com,Male,Aquamarine
883,Gusti,Dummer,gdummeroi@is.gd,Non-binary,Crimson
884,Fitzgerald,Dallinder,fdallinderoj@histats.com,Male,Goldenrod
885,Lottie,Agius,lagiusok@ibm.com,Female,Yellow
886,Abbott,Duester,aduesterol@163.com,Male,Blue
887,Toby,Foxley,tfoxleyom@redcross.org,Female,Green
888,Luciano,Corbin,lcorbinon@sina.com.cn,Male,Yellow
889,Robbyn,Haster,rhasteroo@last.fm,Female,Aquamarine
890,Melli,Steanyng,msteanyngop@apache.org,Female,Turquoise
891,Evita,Abramovitz,eabramovitzoq@amazon.co.jp,Female,Teal
892,Teressa,Nurden,tnurdenor@google.pl,Female,Red
893,Cobby,Lewsie,clewsieos@xinhuanet.com,Genderqueer,Orange
894,Trisha,Shergill,tshergillot@bloglovin.com,Female,Purple
895,Jose,Lowton,jlowtonou@craigslist.org,Male,Violet
896,Perkin,Gopsill,pgopsillov@sohu.com,Male,Violet
897,King,Ketchaside,kketchasideow@ftc.gov,Male,Teal
898,Ashly,Hampe,ahampeox@taobao.com,Female,Violet
899,Zackariah,Imrie,zimrieoy@storify.com,Male,Violet
900,Chloris,Lomasna,clomasnaoz@51.la,Female,Purple
901,Arlee,Schubuser,aschubuserp0@wikia.com,Female,Violet
902,Mile,Goncaves,mgoncavesp1@reddit.com,Male,Mauv
903,Shawn,Mountford,smountfordp2@slate.com,Female,Turquoise
904,Olva,Tanton,otantonp3@vk.com,Female,Fuscia
905,Patrice,Dradey,pdradeyp4@e-recht24.de,Polygender,Blue
906,Adham,Duigan,aduiganp5@pbs.org,Male,Mauv
907,Skyler,Tattersfield,stattersfieldp6@jimdo.com,Male,Purple
908,Valma,MacAllaster,vmacallasterp7@pagesperso-orange.fr,Female,Puce
909,Ansley,Brosch,abroschp8@fda.gov,Female,Fuscia
910,Marylee,Pasterfield,mpasterfieldp9@mit.edu,Female,Red
911,Donielle,Blowfelde,dblowfeldepa@cbsnews.com,Female,Goldenrod
912,Cheslie,Gerbi,cgerbipb@surveymonkey.com,Female,Crimson
913,Lemmy,Paye,lpayepc@vk.com,Male,Orange
914,Shaylah,Harbinson,sharbinsonpd@hc360.com,Female,Crimson
915,Morse,Ascraft,mascraftpe@oakley.com,Genderfluid,Blue
916,Vinnie,Simeoli,vsimeolipf@meetup.com,Male,Mauv
917,Robinia,Waterson,rwatersonpg@google.ru,Female,Indigo
918,Bertie,Gladdor,bgladdorph@parallels.com,Male,Khaki
919,Jami,Dunster,jdunsterpi@yandex.ru,Female,Khaki
920,Imojean,McClay,imcclaypj@oracle.com,Polygender,Pink
921,Cara,Manilow,cmanilowpk@alexa.com,Female,Green
922,Linoel,Szymon,lszymonpl@amazon.de,Male,Khaki
923,My,Elton,meltonpm@ucla.edu,Male,Violet
924,Lynne,Minett,lminettpn@skype.com,Female,Teal
925,Viola,McKinie,vmckiniepo@mail.ru,Female,Indigo
926,Samantha,Arling,sarlingpp@ihg.com,Female,Indigo
927,Dorita,Walduck,dwalduckpq@list-manage.com,Female,Mauv
928,Joshuah,Tankin,jtankinpr@dot.gov,Male,Khaki
929,Bruce,Pieterick,bpieterickps@army.mil,Male,Blue
930,Adan,Buckingham,abuckinghampt@ihg.com,Male,Yellow
931,Hermy,Grund,hgrundpu@ovh.net,Male,Green
932,Bobbie,MacKim,bmackimpv@yellowbook.com,Male,Purple
933,Kellby,Brearley,kbrearleypw@usda.gov,Male,Maroon
934,Keri,Arkcoll,karkcollpx@xinhuanet.com,Female,Mauv
935,Gael,MacDearmid,gmacdearmidpy@umich.edu,Male,Teal
936,Ansel,Tetla,atetlapz@engadget.com,Male,Mauv
937,Clementine,Scorah,cscorahq0@sciencedirect.com,Female,Puce
938,Thorny,Ryland,trylandq1@adobe.com,Bigender,Fuscia
939,Ardeen,Dreghorn,adreghornq2@webs.com,Female,Mauv
940,Baily,Chapell,bchapellq3@de.vu,Male,Turquoise
941,Jeane,Lowy,jlowyq4@arizona.edu,Female,Indigo
942,Anabelle,Delepine,adelepineq5@g.co,Female,Aquamarine
943,Kristi,Coutts,kcouttsq6@state.gov,Female,Aquamarine
944,Gannon,Praundlin,gpraundlinq7@wisc.edu,Male,Khaki
945,Lana,Valentetti,lvalentettiq8@skyrock.com,Female,Pink
946,Konstantine,Pressnell,kpressnellq9@quantcast.com,Male,Mauv
947,Adolpho,Clews,aclewsqa@flickr.com,Male,Blue
948,Renate,Crumbleholme,rcrumbleholmeqb@umich.edu,Bigender,Teal
949,Sabrina,Malter,smalterqc@google.it,Female,Violet
950,Chris,Pilcher,cpilcherqd@amazon.com,Female,Mauv
951,Zandra,Feifer,zfeiferqe@ibm.com,Genderfluid,Teal
952,Erda,Degg,edeggqf@weibo.com,Female,Puce
953,Cyndia,Baitson,cbaitsonqg@answers.com,Non-binary,Fuscia
954,Fay,Lynn,flynnqh@uiuc.edu,Female,Purple
955,Madlen,Belt,mbeltqi@newyorker.com,Female,Mauv
956,Remy,Kelleway,rkellewayqj@theatlantic.com,Female,Purple
957,Ian,Sumpter,isumpterqk@usda.gov,Genderfluid,Red
958,Zacharia,Volette,zvoletteql@amazon.co.jp,Male,Maroon
959,Thedrick,Brunnen,tbrunnenqm@exblog.jp,Male,Maroon
960,Andrea,Caudelier,acaudelierqn@parallels.com,Male,Pink
961,Jule,Stenner,jstennerqo@usatoday.com,Male,Turquoise
962,Dolley,Brozek,dbrozekqp@pbs.org,Female,Orange
963,Julietta,Dyott,jdyottqq@usda.gov,Female,Fuscia
964,Marthena,Vere,mvereqr@ed.gov,Female,Pink
965,Adair,Gandrich,agandrichqs@fema.gov,Male,Maroon
966,Hedi,Swann,hswannqt@tinypic.com,Female,Violet
967,Wash,Cominoli,wcominoliqu@weebly.com,Non-binary,Crimson
968,Grady,Becerra,gbecerraqv@cdbaby.com,Male,Goldenrod
969,Hi,Foye,hfoyeqw@twitpic.com,Male,Aquamarine
970,Jacklyn,Antonognoli,jantonognoliqx@soundcloud.com,Female,Teal
971,Corella,Patrono,cpatronoqy@cnn.com,Female,Crimson
972,Hartwell,Gauch,hgauchqz@weebly.com,Male,Purple
973,Emmet,Brothwell,ebrothwellr0@i2i.jp,Male,Orange
974,Biddie,Keddie,bkeddier1@hud.gov,Female,Aquamarine
975,Araldo,Boken,abokenr2@tumblr.com,Male,Red
976,Demetria,Baldwin,dbaldwinr3@live.com,Female,Fuscia
977,Ilysa,Stackbridge,istackbridger4@gov.uk,Female,Mauv
978,Fernando,Torritti,ftorrittir5@msu.edu,Male,Green
979,Caesar,Plewes,cplewesr6@dedecms.com,Male,Yellow
980,Jimmie,Cucuzza,jcucuzzar7@latimes.com,Male,Purple
981,Theadora,Regardsoe,tregardsoer8@artisteer.com,Agender,Khaki
982,Betsy,Durman,bdurmanr9@wisc.edu,Female,Purple
983,Kelbee,Humblestone,khumblestonera@shinystat.com,Male,Goldenrod
984,Hestia,Cutbush,hcutbushrb@amazon.de,Female,Aquamarine
985,Andeee,Sowthcote,asowthcoterc@sciencedirect.com,Female,Blue
986,Welbie,Pentlow,wpentlowrd@reference.com,Male,Aquamarine
987,Allistir,Leven,alevenre@360.cn,Male,Puce
988,Seana,Brockwell,sbrockwellrf@nature.com,Female,Indigo
989,Janelle,Flatley,jflatleyrg@dailymotion.com,Female,Teal
990,Carina,Boarleyson,cboarleysonrh@latimes.com,Female,Purple
991,Culley,Blackett,cblackettri@wikimedia.org,Male,Red
992,Gilda,Glassopp,gglassopprj@nps.gov,Genderqueer,Red
993,Chrysler,Watchorn,cwatchornrk@hhs.gov,Female,Crimson
994,Deloria,Fores,dforesrl@mysql.com,Female,Green
995,Morey,Troy,mtroyrm@usgs.gov,Male,Indigo
996,Jayme,Walter,jwalterrn@oakley.com,Female,Puce
997,Elvin,Portwain,eportwainro@sphinn.com,Male,Turquoise
998,Evangelina,Menezes,emenezesrp@hao123.com,Female,Green
999,Clareta,Mabon,cmabonrq@pcworld.com,Female,Khaki
1000,Sheilah,Jozef,sjozefrr@reddit.com,Female,Indigo